Learning Objective,Agente no Mundo do Grelha (Gridworld),Iteração de Valor e Política no FrozenLake,Q-Learning para o Caçador de Tesouros,SARSA no Ambiente Taxi-v3,Criação de Ambiente Personalizado e Comparação de Algoritmos Tabulares,DQN para CarPole-v1,Policy Gradient para Acrobot-v1,Actor-Critic para BipedalWalker-v3 (versão discreta simplificada),Estratégias de Exploração Avançadas em MountainCar,DQN Duplo e Dueling para Ambientes Atari (Pong ou Breakout),DDPG/TD3 para Controle Contínuo (HalfCheetah-v3),Aprendizado Baseado em Modelo com Dyna-Q,Aprendizado por Reforço Multiagente (MARL) em um Cenário de Cooperação/Competição,Aprendizado por Reforço Hierárquico (HRL) para Tarefas Complexas,Aplicação de RL em um Problema do Mundo Real (Sugestão/Pesquisa)
"Definir os componentes fundamentais de um problema de Aprendizado por Reforço (RL), incluindo agente, ambiente, estado, ação, recompensa e política.",5,4,3,2,1,0,0,0,0,0,0,0,0,0,0
"Formular um problema de decisão sequencial como um Processo de Decisão de Markov (MDP), identificando seus elementos principais como estados, ações, probabilidades de transição e recompensas.",5,4,3,2,1,0,0,0,0,0,0,0,0,0,0
Aplicar as equações de Bellman para calcular funções de valor de estado (V) e ação (Q) em MDPs dados.,2,5,4,3,1,0,0,0,0,0,0,0,0,0,0
"Implementar algoritmos de Programação Dinâmica, como Iteração de Política e Iteração de Valor, para encontrar políticas ótimas em MDPs com modelo conhecido.",4,5,2,1,3,0,0,0,0,0,0,0,0,0,0
"Diferenciar entre métodos de Monte Carlo e Aprendizagem por Diferenças Temporais (TD(0)) para predição de valor em ambientes sem modelo, identificando suas vantagens e desvantagens.",1,5,3,2,4,0,0,0,0,0,0,0,0,0,0
"Implementar algoritmos de controle model-free on-policy, como SARSA, para aprender políticas ótimas em ambientes desconhecidos, considerando o dilema exploração-explotação.",4,3,2,5,1,0,0,0,0,0,0,0,0,0,0
"Implementar algoritmos de controle model-free off-policy, como Q-learning, para aprender políticas ótimas, compreendendo a importância da política de comportamento e da política alvo.",4,3,5,2,1,0,0,0,0,0,0,0,0,0,0
Utilizar técnicas de aproximação de função linear para lidar com espaços de estados ou ações grandes e contínuos em problemas de Aprendizado por Reforço.,0,0,0,0,0,4,3,2,1,0,5,0,0,0,0
"Explicar a arquitetura e os mecanismos-chave das Redes Q Profundas (DQN), como replay de experiência e redes alvo, para estabilizar o treinamento em ambientes complexos.",1,2,0,0,0,4,0,0,0,5,0,3,0,0,0
"Implementar o algoritmo REINFORCE para otimização de política em problemas com espaços de ação discretos, utilizando a abordagem de gradientes de política.",0,4,2,1,0,0,5,3,0,0,0,0,0,0,0
"Desenvolver agentes Actor-Critic para ambientes com espaços de estados e/ou ações grandes, combinando os benefícios de métodos baseados em valor e em política para melhor desempenho e estabilidade.",0,1,0,0,0,0,4,5,0,3,2,0,0,0,0
"Aplicar algoritmos de Aprendizado por Reforço Profundo para problemas de controle em ambientes com espaços de ações contínuos, como DDPG ou TD3.",0,0,0,0,0,3,4,2,1,0,5,0,0,0,0
"Analisar e comparar diferentes estratégias de exploração avançadas, além de epsilon-greedy, como Upper Confidence Bound (UCB) e exploração baseada em curiosidade.",0,0,0,0,0,0,0,0,0,0,0,0,0,0,0
"Avaliar criticamente a adequação de diferentes algoritmos de Aprendizado por Reforço para resolver problemas do mundo real, considerando suas vantagens, limitações e requisitos computacionais.",0,0,0,0,0,0,0,0,0,0,0,0,0,0,0
"Propor e justificar a seleção de um pipeline de Aprendizado por Reforço completo para um novo problema, desde a formulação até a avaliação do desempenho e o ajuste de hiperparâmetros.",0,0,0,0,0,0,0,0,0,0,0,0,0,0,0
